iter	TotalF1	MultiClass
0	0.6694132777	1.557516375
1	0.7475755068	1.508245466
2	0.7724423075	1.458847387
3	0.7760600537	1.422432407
4	0.7912090553	1.381553691
5	0.7928016793	1.345152395
6	0.805248895	1.308973037
7	0.8280042553	1.273740705
8	0.845011456	1.244551591
9	0.8470356222	1.213742667
10	0.8556566474	1.187834103
11	0.8558485744	1.16413494
12	0.8642803408	1.135976599
13	0.8658400131	1.109851228
14	0.8789764182	1.084072599
15	0.882134758	1.063823882
16	0.8935890408	1.039613238
17	0.8915681323	1.017951311
18	0.893926924	1.001750664
19	0.9015493875	0.9828945837
20	0.9061876809	0.9678122827
21	0.912246278	0.9504161448
22	0.9182045746	0.9344188655
23	0.933518648	0.9166677733
24	0.9322138959	0.9021106774
25	0.9363050534	0.8854783336
26	0.9421223775	0.869594136
27	0.9490204294	0.8541713156
28	0.9470327263	0.8377828445
29	0.947752153	0.8224179176
30	0.9470527507	0.8093521574
31	0.9470327263	0.796540919
32	0.9495775164	0.7834212363
33	0.9483157299	0.7698166856
34	0.9495775164	0.760444601
35	0.9488639881	0.7483920786
36	0.9488639881	0.7366113048
37	0.9508788157	0.7268089212
38	0.9496247742	0.7160300361
39	0.953383646	0.7046483751
40	0.9495977349	0.6948373785
41	0.953383646	0.686356061
42	0.9521317494	0.6775422694
43	0.9528454377	0.6675790596
44	0.9553755318	0.6590523277
45	0.9598701812	0.6498536169
46	0.9573140419	0.6416358512
47	0.9591414629	0.6329095993
48	0.9591414629	0.6244796907
49	0.9603313187	0.6160842452
50	0.9578278034	0.6089836849
51	0.9659497819	0.6018676576
52	0.9709960319	0.594309321
53	0.9730290637	0.5861986927
54	0.9730290637	0.5789379798
55	0.9710440812	0.5719548016
56	0.9742755775	0.5656837955
57	0.9743371069	0.5590138846
58	0.9722902187	0.5536483691
59	0.9742755775	0.5469493301
60	0.9734920046	0.5403241096
61	0.9767675373	0.5340860167
62	0.9767675373	0.5283294925
63	0.9767675373	0.5228904652
64	0.9817132026	0.5167255388
65	0.9804042014	0.5126034801
66	0.9804042014	0.5080229337
67	0.9804042014	0.5026819094
68	0.9804042014	0.4974726843
69	0.9816319907	0.4929329073
70	0.9804042014	0.487907108
71	0.9816319907	0.4827390451
72	0.9804042014	0.478401057
73	0.9816319907	0.4736829042
74	0.9816319907	0.4686318614
75	0.9816319907	0.4642509266
76	0.9829411788	0.4594986366
77	0.9817132026	0.4551652205
78	0.9817132026	0.4509142528
79	0.9817132026	0.4463052148
80	0.9817132026	0.4420075222
81	0.9817132026	0.4387142334
82	0.9804042014	0.4345677496
83	0.9804042014	0.4303007727
84	0.9829411788	0.4262086208
85	0.9816319907	0.4223484575
86	0.9816319907	0.4184669455
87	0.9828736664	0.4145602265
88	0.9848600655	0.4106774622
89	0.9860839584	0.4065997962
90	0.9860839584	0.4028564582
91	0.9840972058	0.3991934343
92	0.9816319907	0.3951732408
93	0.9836181291	0.3914767457
94	0.9836181291	0.3880800024
95	0.9836181291	0.3850263335
96	0.9836181291	0.381899422
97	0.9849337744	0.3779169092
98	0.9849337744	0.3745477665
99	0.9849337744	0.3714025807
100	0.9849337744	0.3687392576
101	0.9861617194	0.3658148239
102	0.9849337744	0.362935339
103	0.9861617194	0.3594571588
104	0.9861617194	0.3559982729
105	0.9861617194	0.3534308178
106	0.9849337744	0.3501568379
107	0.9849337744	0.3478159142
108	0.9861617194	0.3448009529
109	0.9861617194	0.3419923199
110	0.9861617194	0.3392366304
111	0.9861617194	0.3361988935
112	0.9861617194	0.3338745824
113	0.9849337744	0.3309881609
114	0.9849337744	0.3286481019
115	0.9849337744	0.3259582661
116	0.9823759691	0.3230431984
117	0.9823759691	0.3203239175
118	0.9836913536	0.3179132604
119	0.9823759691	0.3158988053
120	0.9823759691	0.3133053541
121	0.9836076926	0.3106839092
122	0.9836076926	0.3083994913
123	0.984923246	0.3063898638
124	0.9836076926	0.3046667485
125	0.9836076926	0.3027266711
126	0.984923246	0.300254676
127	0.984923246	0.2980742199
128	0.9861617194	0.2958340553
129	0.9861617194	0.2936410126
130	0.9861617194	0.2918107016
131	0.9861617194	0.2896045316
132	0.9861617194	0.2877315678
133	0.9861617194	0.285588517
134	0.9873893064	0.2835830939
135	0.9873893064	0.2812772907
136	0.9886236913	0.2796177763
137	0.9898471483	0.2775862116
138	0.9886166033	0.2759219218
139	0.9886166033	0.2740200306
140	0.9873893064	0.2719881243
141	0.9886166033	0.2700428006
142	0.9886236913	0.2684404045
143	0.9887050072	0.2665850082
144	0.9873893064	0.2647810899
145	0.9887050072	0.2630947274
146	0.9887050072	0.2611876713
147	0.9887050072	0.2597475219
148	0.9887050072	0.2581660011
149	0.9899395733	0.2564132598
150	0.9899395733	0.2548727991
151	0.9899395733	0.253135457
152	0.9899395733	0.2514121071
153	0.9899395733	0.2498460703
154	0.9887050072	0.2482687048
155	0.9887050072	0.2466029639
156	0.9887050072	0.2448763281
157	0.9899324193	0.2435063274
158	0.9899324193	0.2420692644
159	0.9899324193	0.2407823152
160	0.9899324193	0.239158517
161	0.9899324193	0.2376915081
162	0.9899324193	0.2359864771
163	0.9899324193	0.234452167
164	0.9899324193	0.2329255721
165	0.9899324193	0.2317171834
166	0.9899324193	0.2301096886
167	0.9899324193	0.2286454467
168	0.9911595961	0.2274703202
169	0.9911595961	0.2262230154
170	0.9911595961	0.2249965102
171	0.9923866058	0.223746249
172	0.9911595961	0.2224375414
173	0.9911595961	0.2209374432
174	0.9911595961	0.2198714487
175	0.9911595961	0.2185844194
176	0.992386491	0.2174922923
177	0.9924789234	0.2163285258
178	0.9899324193	0.2151099607
179	0.9899324193	0.2139038394
180	0.9899324193	0.21273341
181	0.9937024214	0.2116907271
182	0.9937023585	0.2105526192
183	0.9924789234	0.2095333461
184	0.9937023585	0.2085211886
185	0.9949256483	0.2074438157
186	0.9949256483	0.206265655
187	0.996148822	0.2051851306
188	0.9949256483	0.2041401721
189	0.9949256483	0.2030841982
190	0.996148822	0.2021771638
191	0.9949256483	0.2010809881
192	0.9949256483	0.1999830252
193	0.9949256483	0.199131398
194	0.9949256483	0.1981823515
195	0.9949256483	0.1972510213
196	0.9962414475	0.1960094349
197	0.9949256483	0.194981945
198	0.9962414475	0.1940904483
199	0.9974646855	0.1928257472
200	0.9962414475	0.1918451525
201	0.9974646855	0.1908391982
202	0.9974646855	0.1898207115
203	0.9974646855	0.1887876724
204	0.9962414475	0.1878471309
205	0.9962414475	0.1869164525
206	0.9962414475	0.185960494
207	0.9974646855	0.1848601741
208	0.9974646855	0.1838942267
209	0.9974646855	0.183130076
210	0.9974646855	0.182348836
211	0.9974646855	0.181604006
212	0.9986841963	0.1806753536
213	0.9986841963	0.1798353801
214	0.9974646855	0.1787972161
215	0.9974646855	0.1779397824
216	0.9974646855	0.1770358098
217	0.9974646855	0.1761266233
218	0.9974646855	0.1752434589
219	0.9974646855	0.1746051891
220	0.9974646855	0.1737493654
221	0.9974646855	0.1727939119
222	0.9986841963	0.1719007196
223	0.9986841963	0.1710707108
224	0.9986841963	0.170336856
225	0.9986841963	0.1696023617
226	0.9986841963	0.168660986
227	0.9986841963	0.1677408547
228	0.9986841963	0.166920737
229	0.9986841963	0.1661314192
230	0.9986841963	0.1653670094
231	0.9986841963	0.1647239779
232	0.9986841963	0.1639202891
233	0.9986841963	0.1631819156
234	0.9986841963	0.1624365855
235	0.9986841963	0.1617601079
236	0.9986841963	0.1611963448
237	0.9986841963	0.1604932257
238	0.9986841963	0.1598515452
239	0.9986841963	0.1591234921
240	0.9986841963	0.158429551
241	0.9986841963	0.1577364326
242	0.9986841963	0.1569652103
243	0.9986841963	0.1563084198
244	0.9986841963	0.1556189802
245	0.9986841963	0.1550824966
246	0.9986841963	0.1544271092
247	0.9986841963	0.153777706
248	0.9986841963	0.1531798117
249	0.9986841963	0.1525494195
250	0.9986841963	0.1519208263
251	0.9986841963	0.1512464979
252	0.9986841963	0.1505776071
253	0.9986841963	0.1498643725
254	0.9974646982	0.149101873
255	0.9974646982	0.1484710333
256	0.9974646982	0.1477148836
257	0.9974646982	0.1471104535
258	0.9974646982	0.1465568999
259	0.9974646982	0.1459928493
260	0.9974646982	0.1454742885
261	0.9974646982	0.1449077623
262	0.9974646982	0.1443361921
263	0.9974646982	0.1437316931
264	0.9974646982	0.1431661041
265	0.9974646982	0.1425826125
266	0.9974646982	0.1419067553
267	0.9974646982	0.1413489129
268	0.9974646982	0.1408208418
269	0.9974646982	0.1402153919
270	0.9974646982	0.1396822855
271	0.9974646982	0.1391208476
272	0.9974646982	0.1386014816
273	0.9974646982	0.1381691287
274	0.9974646982	0.1376215986
275	0.9974646982	0.1371523894
276	0.9974646982	0.1366438501
277	0.9974646982	0.136168079
278	0.9974646982	0.1356856205
279	0.9974646982	0.1351419334
280	0.9974646982	0.1346469889
281	0.9974646982	0.1341651499
282	0.9974646982	0.1337067505
283	0.9974646982	0.133254111
284	0.9974646982	0.1327644718
285	0.9974646982	0.1323226119
286	0.9974646982	0.1319202962
287	0.9974646982	0.1313807366
288	0.9974646982	0.1308891784
289	0.9974646982	0.1304384329
290	0.9974646982	0.1299774534
291	0.9974646982	0.129481871
292	0.9974646982	0.1290560983
293	0.9974646982	0.1285950262
294	0.9974646982	0.1280900178
295	0.9974646982	0.127569118
296	0.9974646982	0.1270294891
297	0.9974646982	0.1265528855
298	0.9974646982	0.126116797
299	0.9974646982	0.1255849911
300	0.9974646982	0.1251379555
301	0.9974646982	0.1247695137
302	0.9974646982	0.1243248165
303	0.9974646982	0.1239102269
304	0.9974646982	0.1235046441
305	0.9974646982	0.1231200403
306	0.9974646982	0.1227844671
307	0.9974646982	0.1224094093
308	0.9974646982	0.1219091378
309	0.9974646982	0.1214655104
310	0.9974646982	0.1210750658
311	0.9974646982	0.1206627501
312	0.9974646982	0.1202342018
313	0.9974646982	0.1198717959
314	0.9986841963	0.1195295134
315	0.9986841963	0.119118222
316	0.9986841963	0.1187356073
317	0.9986841963	0.1183489461
318	0.9986841963	0.1179113227
319	0.9986841963	0.1175573239
320	0.9986841963	0.1171346359
321	0.9986841963	0.1166775359
322	0.9986841963	0.1162093399
323	0.9986841963	0.115840827
324	0.9986841963	0.1155052154
325	0.9986841963	0.1151535328
326	0.9986841963	0.1148245763
327	0.9986841963	0.1144510138
328	0.9986841963	0.1141496875
329	0.9986841963	0.1137767994
330	0.9986841963	0.113289047
331	0.9986841963	0.1129277854
332	0.9986841963	0.1124760724
333	0.9986841963	0.1121453836
334	0.9986841963	0.1117771851
335	0.9986841963	0.1114976963
336	0.9986841963	0.1112435859
337	0.9986841963	0.1108611394
338	0.9986841963	0.1104380021
339	0.9986841963	0.1101247143
340	0.9986841963	0.1097580172
341	0.9986841963	0.1094040952
342	0.9986841963	0.1090605096
343	0.9986841963	0.1087808276
344	0.9986841963	0.1084956233
345	0.9986841963	0.1082287993
346	0.9986841963	0.1078835552
347	0.9986841963	0.1075845593
348	0.9986841963	0.1072938059
349	0.9986841963	0.1069957324
350	1	0.1065941335
351	1	0.1062845115
352	1	0.1059812978
353	1	0.1056644718
354	1	0.105361208
355	1	0.1050595259
356	1	0.1047042091
357	1	0.1043301556
358	1	0.1040217772
359	1	0.1037215186
360	1	0.1034283647
361	1	0.1031426831
362	1	0.1028317276
363	1	0.102582451
364	1	0.1022914499
365	1	0.1020111027
366	1	0.1017787775
367	1	0.1014739046
368	1	0.1011311666
369	1	0.1008577971
370	1	0.100606581
371	1	0.1003317959
372	1	0.1000153562
373	1	0.09972092603
374	1	0.09946540369
375	1	0.0991567862
376	1	0.09889992829
377	1	0.09864147817
378	1	0.09832261459
379	1	0.09803615992
380	1	0.09777555254
381	1	0.09749351466
382	1	0.09718655375
383	1	0.09689599914
384	1	0.09663362622
385	1	0.09634963118
386	1	0.09606447767
387	1	0.09578584164
388	1	0.09550001469
389	1	0.09525874656
390	1	0.09503106412
391	1	0.09479616288
392	1	0.09452899686
393	1	0.09431312552
394	1	0.09403865501
395	1	0.09376445029
396	1	0.09351779416
397	1	0.09326714548
398	1	0.09304563643
399	1	0.0927764511
400	1	0.09252514286
401	1	0.0923217593
402	1	0.09202689379
403	1	0.0917684544
404	1	0.09151870253
405	1	0.09129801231
406	1	0.09104317946
407	1	0.09079018876
408	1	0.09055098546
409	1	0.09032066072
410	1	0.09008524099
411	1	0.08981877288
412	1	0.08956308392
413	1	0.08935041216
414	1	0.08914503415
415	1	0.08895813487
416	1	0.08873917411
417	1	0.08855229644
418	1	0.08832563773
419	1	0.08812987238
420	1	0.08787598485
421	1	0.08762372394
422	1	0.08738087585
423	1	0.08716732524
424	1	0.08692317181
425	1	0.08671280418
426	1	0.08652291941
427	1	0.08633597022
428	1	0.08611678885
429	1	0.08586939268
430	1	0.08570276476
431	1	0.08548704058
432	1	0.08529090675
433	1	0.0850862076
434	1	0.08486453947
435	1	0.08463693021
436	1	0.08441374835
437	1	0.08423181282
438	1	0.08401768162
439	1	0.08384358008
440	1	0.08368505854
441	1	0.0834996778
442	1	0.08328397796
443	1	0.08307106593
444	1	0.08284952822
445	1	0.08264009051
446	1	0.08244452257
447	1	0.08223542582
448	1	0.08209060876
449	1	0.08190452477
450	1	0.08171216362
451	1	0.08154112483
452	1	0.08136367311
453	1	0.08119155897
454	1	0.08099155874
455	1	0.08076881924
456	1	0.08055621319
457	1	0.08037092357
458	1	0.08019100309
459	1	0.08003157446
460	1	0.07985241401
461	1	0.07968078269
462	1	0.07948593298
463	1	0.07930387242
464	1	0.07913974854
465	1	0.07893673436
466	1	0.07871226072
467	1	0.07851970807
468	1	0.07831887098
469	1	0.07812210614
470	1	0.07796987653
471	1	0.07784969306
472	1	0.07764164733
473	1	0.07744792431
474	1	0.07729926089
475	1	0.07713282897
476	1	0.07695634495
477	1	0.0767763135
478	1	0.076597119
479	1	0.07647031481
480	1	0.07630085786
481	1	0.07615402921
482	1	0.07596796656
483	1	0.07580050002
484	1	0.07560885403
485	1	0.07541526389
486	1	0.07523208238
487	1	0.0750338413
488	1	0.07486881274
489	1	0.07470722267
490	1	0.07452503221
491	1	0.07437520705
492	1	0.07420879193
493	1	0.07406420129
494	1	0.07386881975
495	1	0.07371058736
496	1	0.07353348971
497	1	0.07334318745
498	1	0.07321548426
499	1	0.07303723846
500	1	0.07287617052
501	1	0.07272843902
502	1	0.07254195896
503	1	0.07236434751
504	1	0.0721968285
505	1	0.07200498084
506	1	0.07183534026
507	1	0.07166309581
508	1	0.07152685034
509	1	0.07131065845
510	1	0.07117027831
511	1	0.07101873017
512	1	0.07089223326
513	1	0.07072929592
514	1	0.07056526654
515	1	0.07041222559
516	1	0.07026839862
517	1	0.07009475936
518	1	0.06996552282
519	1	0.06981695177
520	1	0.06967446369
521	1	0.06957414885
522	1	0.06941289861
523	1	0.06922579406
524	1	0.0690856911
525	1	0.06894712091
526	1	0.06877693762
527	1	0.06863411465
528	1	0.06851344836
529	1	0.0683658193
530	1	0.06825760155
531	1	0.06812450062
532	1	0.06799899767
533	1	0.06783982498
534	1	0.06769008025
535	1	0.06756798955
536	1	0.06743414952
537	1	0.06727331959
538	1	0.06714807469
539	1	0.0670375588
540	1	0.06691326789
541	1	0.06678343124
542	1	0.06665702319
543	1	0.06652170233
544	1	0.0664355961
545	1	0.06630844061
546	1	0.06620494917
547	1	0.06609413929
548	1	0.06598110053
549	1	0.06584357289
550	1	0.0657063761
551	1	0.06558231268
552	1	0.06545053819
553	1	0.06532182741
554	1	0.06518451436
555	1	0.06506435758
556	1	0.06492923303
557	1	0.06478964426
558	1	0.06464566522
559	1	0.0644913263
560	1	0.06436973193
561	1	0.06421780334
562	1	0.06408944623
563	1	0.06397489173
564	1	0.06384926673
565	1	0.06371791355
566	1	0.06359584948
567	1	0.06346882131
568	1	0.06333951484
569	1	0.06324181346
570	1	0.06313069634
571	1	0.06298564382
572	1	0.06288728674
573	1	0.06276042663
574	1	0.06264821077
575	1	0.06250856075
576	1	0.06238715419
577	1	0.06226213684
578	1	0.06213453281
579	1	0.06200080569
580	1	0.06186724481
581	1	0.06172801068
582	1	0.06162508257
583	1	0.06149322689
584	1	0.06138011578
585	1	0.06127460205
586	1	0.06114728356
587	1	0.06105691121
588	1	0.06092478156
589	1	0.06082327294
590	1	0.06068351233
591	1	0.06056607244
592	1	0.06046204565
593	1	0.06036186966
594	1	0.06024065933
595	1	0.06014427092
596	1	0.06002068588
597	1	0.05989942385
598	1	0.05979549188
599	1	0.05969393641
600	1	0.05956929878
601	1	0.05948433884
602	1	0.05936969526
603	1	0.05927059478
604	1	0.05915686622
605	1	0.05906096085
606	1	0.05893522526
607	1	0.05881465058
608	1	0.05872631513
609	1	0.05860033735
610	1	0.05847856598
611	1	0.05836857713
612	1	0.05825421227
613	1	0.0581470709
614	1	0.0580416942
615	1	0.05790783844
616	1	0.05782835747
617	1	0.05773167394
618	1	0.05764314076
619	1	0.05755911754
620	1	0.05746178361
621	1	0.05733607264
622	1	0.05724182234
623	1	0.05715127369
624	1	0.05705663677
625	1	0.05696529547
626	1	0.05687091013
627	1	0.05677283968
628	1	0.05667124155
629	1	0.05658707313
630	1	0.05650242939
631	1	0.05639611333
632	1	0.05629605778
633	1	0.05619214776
634	1	0.05609133784
635	1	0.05598049075
636	1	0.05588765781
637	1	0.05580202893
638	1	0.05570443505
639	1	0.05560456392
640	1	0.05551645267
641	1	0.05544113332
642	1	0.05532785433
643	1	0.05522429775
644	1	0.05513012412
645	1	0.05502946246
646	1	0.05493664845
647	1	0.05483728581
648	1	0.05476273256
649	1	0.05467743163
650	1	0.05456285058
651	1	0.05447718
652	1	0.05437066919
653	1	0.05428419492
654	1	0.05419063985
655	1	0.05409169596
656	1	0.05396435022
657	1	0.05388767845
658	1	0.05376656005
659	1	0.05364798982
660	1	0.0535649462
661	1	0.05348386527
662	1	0.05338076638
663	1	0.05328916468
664	1	0.05319744544
665	1	0.0531059639
666	1	0.053017972
667	1	0.05288477105
668	1	0.05279078124
669	1	0.05272289844
670	1	0.05261151048
671	1	0.05253476793
672	1	0.05246274122
673	1	0.05238030916
674	1	0.05230252125
675	1	0.05223332334
676	1	0.05214410858
677	1	0.05202617756
678	1	0.05192637621
679	1	0.05182240888
680	1	0.05170055493
681	1	0.05161936496
682	1	0.05152117161
683	1	0.05141118181
684	1	0.05132261434
685	1	0.05123813632
686	1	0.05116407624
687	1	0.05106520643
688	1	0.0509700878
689	1	0.05089930155
690	1	0.05081950024
691	1	0.05074721532
692	1	0.05066932627
693	1	0.05058648646
694	1	0.05050988037
695	1	0.05043212359
696	1	0.05035550843
697	1	0.05027207193
698	1	0.05020531554
699	1	0.05013742935
700	1	0.05006009017
701	1	0.04997147527
702	1	0.04989498499
703	1	0.04981393498
704	1	0.04975265477
705	1	0.04967216285
706	1	0.04960185277
707	1	0.04953522147
708	1	0.04948485949
709	1	0.04941380204
710	1	0.04933635049
711	1	0.04926662598
712	1	0.04915268443
713	1	0.04907129083
714	1	0.04898095218
715	1	0.04889987297
716	1	0.04882218348
717	1	0.04874546327
718	1	0.04868502686
719	1	0.04862070572
720	1	0.04855758053
721	1	0.04848145721
722	1	0.04842307272
723	1	0.04835622188
724	1	0.04827813488
725	1	0.04819828687
726	1	0.04812628563
727	1	0.04808022207
728	1	0.04801559263
729	1	0.04794435691
730	1	0.0478755858
731	1	0.04779985903
732	1	0.04772274767
733	1	0.04765590362
734	1	0.04758569712
735	1	0.04749242962
736	1	0.04741471215
737	1	0.04734064351
738	1	0.04725710865
739	1	0.04718641557
740	1	0.04710751536
741	1	0.0470359174
742	1	0.04697529047
743	1	0.0469181582
744	1	0.04684892703
745	1	0.04678968013
746	1	0.04673149831
747	1	0.04666266616
748	1	0.04659985876
749	1	0.04653084247
750	1	0.04646908151
751	1	0.04639960672
752	1	0.04632247013
753	1	0.04625306772
754	1	0.04619016941
755	1	0.04613447074
756	1	0.04606680081
757	1	0.0460018184
758	1	0.04594641099
759	1	0.04587191853
760	1	0.0457735664
761	1	0.04571523022
762	1	0.04565923514
763	1	0.0456064617
764	1	0.04553915369
765	1	0.04547153458
766	1	0.04538858654
767	1	0.0453130657
768	1	0.04524977019
769	1	0.04516792385
770	1	0.0451009705
771	1	0.04502948016
772	1	0.04496406593
773	1	0.04489200658
774	1	0.04482428735
775	1	0.04476667553
776	1	0.04471858519
777	1	0.0446429895
778	1	0.04458240788
779	1	0.04452613836
780	1	0.04446491671
781	1	0.04439827687
782	1	0.04434673374
783	1	0.0442918805
784	1	0.04424084777
785	1	0.04417958772
786	1	0.04413084173
787	1	0.04406424051
788	1	0.04399576528
789	1	0.04393872045
790	1	0.04386365439
791	1	0.04379017356
792	1	0.0437256722
793	1	0.0436528279
794	1	0.04360566967
795	1	0.04352671385
796	1	0.04344911802
797	1	0.04339716631
798	1	0.04335317595
799	1	0.04328573513
800	1	0.04321611195
801	1	0.04314574751
802	1	0.04308855964
803	1	0.04302331708
804	1	0.04296642219
805	1	0.04291365103
806	1	0.04286532206
807	1	0.04280020794
808	1	0.04274611286
809	1	0.04268133072
810	1	0.04261644745
811	1	0.04255279129
812	1	0.04249982114
813	1	0.04244017003
814	1	0.04238011884
815	1	0.04233138061
816	1	0.04227857194
817	1	0.04220104968
818	1	0.04215350558
819	1	0.04209306836
820	1	0.04202781299
821	1	0.04196727926
822	1	0.04192354322
823	1	0.04186632223
824	1	0.04182378061
825	1	0.04177804611
826	1	0.04172631565
827	1	0.04166919569
828	1	0.04162153911
829	1	0.04156664165
830	1	0.04151406789
831	1	0.04146097259
832	1	0.04141176109
833	1	0.04136064576
834	1	0.04130115172
835	1	0.04123929679
836	1	0.04117710593
837	1	0.04112651366
838	1	0.04105438074
839	1	0.04099106074
840	1	0.0409238221
841	1	0.04087041804
842	1	0.04080155711
843	1	0.04075548367
844	1	0.04069945857
845	1	0.040637128
846	1	0.04058147548
847	1	0.04052691084
848	1	0.04048759571
849	1	0.04043461892
850	1	0.04038187821
851	1	0.04033037724
852	1	0.04027941916
853	1	0.04021964239
854	1	0.0401695872
855	1	0.04011683759
856	1	0.0400721779
857	1	0.04001312467
858	1	0.03995352624
859	1	0.03989916979
860	1	0.03984455352
861	1	0.03979630503
862	1	0.03975191703
863	1	0.03969884727
864	1	0.03964192277
865	1	0.0395794959
866	1	0.03951827538
867	1	0.03945912491
868	1	0.03940029101
869	1	0.03933730638
870	1	0.03928222758
871	1	0.03922085743
872	1	0.0391518265
873	1	0.03910055527
874	1	0.03905437491
875	1	0.03901166106
876	1	0.03896475683
877	1	0.03890743736
878	1	0.03886271475
879	1	0.0388133978
880	1	0.03874919751
881	1	0.03870376906
882	1	0.03865308598
883	1	0.03860587809
884	1	0.03856280012
885	1	0.03851895552
886	1	0.03847881062
887	1	0.03843191371
888	1	0.03839057569
889	1	0.03834743817
890	1	0.03829739831
891	1	0.03824504858
892	1	0.03819120631
893	1	0.03814739309
894	1	0.03809678904
895	1	0.03805105748
896	1	0.03799834213
897	1	0.03795108694
898	1	0.03790589463
899	1	0.03784366033
900	1	0.03779987731
901	1	0.03775326337
902	1	0.03770734267
903	1	0.03764797089
904	1	0.03760458599
905	1	0.03755948466
906	1	0.03751977803
907	1	0.03746180811
908	1	0.03740552885
909	1	0.03735148584
910	1	0.03731854739
911	1	0.03727279443
912	1	0.03722272349
913	1	0.03716498061
914	1	0.03711262361
915	1	0.03707025289
916	1	0.03702565772
917	1	0.03697897312
918	1	0.03694330648
919	1	0.03689991616
920	1	0.03686280308
921	1	0.03681558762
922	1	0.03676991509
923	1	0.03672964183
924	1	0.0366809871
925	1	0.03663417689
926	1	0.03659325898
927	1	0.03654764637
928	1	0.03650942297
929	1	0.03647212158
930	1	0.03642900913
931	1	0.03637833913
932	1	0.03633853496
933	1	0.03629843789
934	1	0.03625588178
935	1	0.03620410765
936	1	0.03614913824
937	1	0.0361009745
938	1	0.03605523801
939	1	0.03601516494
940	1	0.03597504107
941	1	0.03593830861
942	1	0.03589490035
943	1	0.03585489518
944	1	0.03582351751
945	1	0.03578260892
946	1	0.03574412708
947	1	0.03569160845
948	1	0.03565265036
949	1	0.03561137664
950	1	0.03557316606
951	1	0.03552834006
952	1	0.03548754222
953	1	0.03542769799
954	1	0.03539524863
955	1	0.03534889345
956	1	0.03530775413
957	1	0.03526187521
958	1	0.03522300155
959	1	0.03517769565
960	1	0.03513784729
961	1	0.03508724673
962	1	0.03503369015
963	1	0.03498759397
964	1	0.03494648801
965	1	0.03489688467
966	1	0.03485227296
967	1	0.03482072149
968	1	0.03478102073
969	1	0.03474820833
970	1	0.0347218008
971	1	0.0346726556
972	1	0.03461572701
973	1	0.03457564316
974	1	0.03453486076
975	1	0.03447932871
976	1	0.03443107671
977	1	0.03439957306
978	1	0.03434665066
979	1	0.03429912874
980	1	0.0342665392
981	1	0.03423749936
982	1	0.03419550632
983	1	0.03415907044
984	1	0.0341197611
985	1	0.034082626
986	1	0.03404910299
987	1	0.03400650532
988	1	0.03397098978
989	1	0.03393501291
990	1	0.03389205625
991	1	0.03385326575
992	1	0.03381366115
993	1	0.03377904533
994	1	0.03373660139
995	1	0.03370009883
996	1	0.03366168608
997	1	0.03362621702
998	1	0.0335905606
999	1	0.03356295833
